epoch,time,train/box_loss,train/cls_loss,train/dfl_loss,metrics/precision(B),metrics/recall(B),metrics/mAP50(B),metrics/mAP50-95(B),val/box_loss,val/cls_loss,val/dfl_loss,lr/pg0,lr/pg1,lr/pg2
1,124.818,1.26433,2.87097,1.48213,0,0,0,0,0,0,0,0.000462324,0.000462324,0.000462324
2,264.185,1.04919,2.10086,1.31941,0.68178,0.37464,0.44015,0.2342,1.31829,2.88457,1.37582,0.000474022,0.000474022,0.000474022
